1;M;BOUGIS;Kévin;kevin.bougis@gmail.com;02/07/1990;BAC_8;5bis avenue Villemejan;;33600;Pessac;
2;M;BRUN;Thomas;t.brun36@laposte.net;14/10/1996;BAC_5;;;;;
3;M;CARTRON;Eliott;eliott.cartron@orange.fr;07/07/1996;BAC_5;;;33320;Le Taillan-Médoc;1
4;MME;CHARLES;Manon;charles.manon@yahoo.com;06/08/1992;BAC_5;;;;;
5;MME;DAUJARD;Valmon;vdaujard@gmail.com;31/10/1996;BAC_8;;;;;2
6;M;DUBREUIL;Damien;dubreuil.damien@laposte.net;03/09/1993;BAC_5;;;;;
7;M;FARUD;Tariq;tariq.farud@live.fr;20/04/1994;BAC_5;;;;;
8;M;HACHE;Lucas;lucas.hache70@gmail.com;30/11/1996;BAC_5;;;;;
9;MLLE;LAINE;Charline;charlinelaine.cl@gmail.com;18/02/1995;BAC_5;;;;;
10;MLLE;LARROUY;Cécile;cecile.larrouy@outlook.fr;23/04/1994;BAC_5;;;;;3
11;M;LISET;Grégory;lisetgregoryajc@gmail.com;19/05/1995;BAC_5;;;;;
12;M;LOHRER;Brice;brice.lohrer@gmail.com;04/07/1994;BAC_5;;;;;
13;M;PREDAL;Clément;clem_0339@hotmail.com;03/11/1991;BAC_5;;;;;
